ticker,announcement_date,T-10,T-9,T-8,T-7,T-6,T-5,T-4,T-3,T-2,T-1,T+0,T+1,T+2,T+3,T+4,T+5,T+6,T+7,T+8,T+9,T+10
^IXIC,2000-02-02,,-0.032894136901135185,0.017414229400918302,-0.023395883890718228,-0.007457131526504734,-0.037749157834642943,,,0.01370698967599604,0.028329940245385377,0.005424503717860629,0.033633128662295286,0.007874688648201289,,,0.018291074354702452,0.024464508752415792,-0.01451378105590062,0.028050174151144747,-0.020104130268424503,
^IXIC,2000-03-21,,,-0.028003668236234902,-0.040880483119052013,-0.026347889830439897,0.029408944246934965,0.017115342117942633,,,-0.039209001716773995,0.02205643726274409,0.0324873120645055,0.015593784527724974,0.0045378855030884235,,,-0.0009006044202813923,-0.025142363993138073,-0.039144500493797474,-0.04021379092550226,0.025783484536667345
^IXIC,2000-05-16,,,-0.03862906369863295,-0.022992951327298172,-0.05586596097397467,0.033931834538938555,0.008423862237936008,,,0.02226934153716731,0.03046863442714165,-0.019531604270183633,-0.02914984009115751,-0.04191076980902342,,,-0.007724735181872,-0.05934823165844738,0.03351505173161207,-0.019953466668965802,-7.487176971732179e-05
^IXIC,2000-06-28,,0.03348478396120025,0.005897501606868527,0.012620323366967057,-0.03129173441241939,-0.023241990519616507,,,0.017366481967920677,-0.013588579761762976,0.021088616564281404,-0.01601641127775333,0.02292361490054806,,,0.006510112810643509,,-0.032272568955494574,0.025231023851093104,0.01581335053578381,
^IXIC,2000-08-22,,,0.015891396730596474,0.0005117219134809226,0.0024768643338699547,0.02063352507591465,-0.002672006177252606,,,0.005803521818226853,0.0012800067588507602,0.01333937546244246,0.010538497642323286,-0.0026151900632656044,,,0.006903874835986201,0.002844755608977456,0.0053011357030454676,0.024986546062913284,0.006651843003828928
^IXIC,2000-10-03,,,-0.01644163640764329,-0.013931250622796099,-0.00889107043990578,0.03337253997257639,-0.027922462388373148,,,-0.02829437981753502,-0.031681982491157945,0.01946566179774334,-0.01447588731127103,-0.0319950706391251,,,-0.0016215218508840445,-0.03427744326514981,-0.02223396346275952,-0.02960718161738951,0.07873667935297823
^IXIC,2000-11-15,,-0.010247514583730633,-0.00012292039417993728,-0.05389385348203379,-0.009700731500230098,-0.05354417554109758,,,-0.02055801429915971,0.05782482017925905,0.008673559169134482,-0.04220834936583784,-0.0015468757297533164,,,-0.050062946746487924,-0.0014570466271051075,-0.040435969721103526,,0.054091251957203434,
^IXIC,2000-12-19,,,0.033478153136209166,-0.027637582642704217,-0.037178905328129286,-0.0333927344818824,-0.02757548624160555,,,-0.010835685696655606,-0.042983119867341824,-0.07123829360211598,0.0031464980831636957,0.0755943684447955,,,,-0.009336437460825797,0.018379671214195925,0.007249851891776071,-0.034107965525025596
^IXIC,2001-01-31,,-0.004501177178079074,0.02990669858598305,0.006604730503598999,-0.036678690040319095,0.009810193315074045,,,0.020508409039338815,3.5266265898670213e-06,-0.023119106146097135,0.0036282143103054665,-0.04394511887202912,,,-0.006498793107498568,0.008050828201830562,-0.021268581260466712,-0.017547226636082103,-0.03555345534742149,
^IXIC,2001-03-20,,,-0.06303647861304706,0.047520523340176535,-0.021188448791335635,-0.015912055447105167,-0.025660674577954734,,,0.03187355212137111,-0.04804277909996246,-0.014649174022229539,0.03686420363731835,0.016325079483683114,,,-0.0052834390322832325,0.028011608352363604,-0.05988144220273339,-0.01810016477019971,0.010815329296574028
^IXIC,2001-05-15,,,-0.008195169902947774,0.011593806677185237,-0.01916532258691328,-0.012876467868659036,-0.010066502588186865,,,-0.012104796170264831,0.0017580677390818256,0.03877092235841917,0.012573618919107243,0.0023704238238557718,,,0.04852934710632595,0.0035826011783308687,-0.030412565299186567,0.017178686414864863,-0.013580069398664074
^IXIC,2001-06-27,,-0.019621109811162718,0.002026535497794857,0.019361032686425972,0.013548384072565645,-0.011618665522862726,,,0.007877843779584559,0.006704471377668941,0.004901566618783493,0.024446422656265065,0.016504699580192073,,,-0.005470886049630419,-0.0036858790270415387,,-0.02834918723001323,-0.03651252545295369,
^IXIC,2001-08-21,,,0.013176808069080614,-0.008939321832828862,-0.023232026982439424,0.0059565329713382464,-0.032797638881133406,,,0.007680711804064044,-0.0266031984518057,0.015677365899636087,-0.009161262021728178,0.04006038041782767,,,-0.0022902830428878085,-0.024801194755957323,-0.011694461469744954,-0.027935561563359856,0.0076743612630618685
^IXIC,2001-10-02,,,0.05354877855060547,0.0014939243683487202,-0.025039273873332712,-0.0022745813202843523,0.026076420993376592,,,-0.012236514073351357,0.008017775171488495,0.05928990581478355,0.01043768662167932,0.005002153584013236,,,0.00040484789384032105,-0.022267200630711192,0.035709099186534754,0.04624719324454096,0.0011343448571943249
^IXIC,2001-11-06,,,-0.039254671072062486,-0.01889356111287166,0.013667854052107575,0.03319139703995022,-0.00032644353400634873,,,0.02744986021976059,0.023098113387063357,0.0013351316023608728,-0.0053114831376984695,0.00038843012518730013,,,0.006371425740781644,0.028247993528077053,0.005855873147156743,-0.0013766335457046086,-0.0010470491960901107
^IXIC,2001-12-11,,,-0.0133016669732261,0.030552758898607868,0.042657017612860226,0.0036300120356305143,-0.016068973139741982,,,-0.014416757125579549,0.004924431569280463,0.004720420253623736,-0.03225148652154719,0.0034215257801266663,,,0.01755090773219048,0.008709682768888616,-0.010909034004396467,-0.03245261971695723,0.014224314549892147
^IXIC,2002-01-30,,,-0.024767625066043908,0.02116830805658987,0.01050778260311036,-0.002512125623247763,,,0.0032048733881924196,-0.026194650498216232,0.010802989597078039,0.010760770403638986,-0.011783704863561728,,,-0.029148595269120725,-0.009167197241249037,-0.014038497443356945,-0.01688078967145512,0.02063285646424129,
^IXIC,2002-03-19,,,-9.330803030416224e-05,-0.016776451435882023,-0.01849643981963567,-0.004237318692124847,0.007636982141487447,,,0.004688759587154978,0.0020297360790320074,-0.025520105124017034,0.019619482578305147,-0.009332010839053329,,,-0.02101125322394548,0.006444203153600281,0.0014143177404160046,0.010182003878985935,
^IXIC,2002-05-07,,,-0.00418294531262664,0.018890312652433128,-0.006337970119985714,-0.01949895527147294,-0.01932729297447411,,,-0.021419346323754085,-0.0029522288767347415,0.0778170927762174,-0.027000128382194344,-0.030075925902094403,,,0.03228913656174637,0.040247139671941934,0.003786980937560802,0.0028279994012361254,0.006327912908256739
^IXIC,2002-06-26,,0.032264742841427996,-0.00665045024767863,-0.029897084856812528,-0.021431930811461775,-0.0162417061358594,,,0.013449370841785102,-0.02489144749628125,0.0037500023574137398,0.020897900439753148,0.002748087924759446,,,-0.04060245193472456,-0.03275402545928541,0.016460280847496067,,0.04940691308682821,
^IXIC,2002-08-13,,,-0.033583909788954536,0.04439435711889739,0.016950478153529014,0.02780856775569318,-0.007899632561429226,,,0.0005512286051945203,-0.028741037545374493,0.051225906049485515,0.008026651087142067,0.011895822249522237,,,0.024636137174809614,-0.0128716800804477,0.023725317625880926,0.009721448410058509,-0.02974802874818372
^IXIC,2002-09-24,,,-0.012017979896114528,-0.012493387634855635,-0.006198657782624628,-0.028495486548361093,0.0038143900979794587,,,-0.02961281569870511,-0.0023292596529063125,0.03393758395644442,-0.0005563767102766404,-0.018377347468565564,,,-0.02259913173680428,0.03554417864845516,-0.02176772444445696,-0.018310443308608093,-0.022015196892253175
^IXIC,2002-11-06,,-0.011494030464343719,-0.01161997940678594,0.020137743260199237,0.002276287998092208,0.023275014981669395,,,0.02633944967790902,0.0033153398780607635,0.012717904130241209,-0.02979586155494418,-0.012660569135968025,,,-0.02949361943569695,0.023021792566979116,0.008721284677913443,0.03686840449909723,-0.0002692167858439065,
^IXIC,2002-12-10,,,0.004057398586085004,-0.024124831727658558,-0.012843685024616969,-0.0137029230051956,0.008286330963140243,,,-0.038876809591793404,0.01727693935083985,0.00419192097396448,0.0021195075721984757,-0.026529958620559735,,,0.027825421592884814,-0.005912825895612817,-0.021938894429988087,-0.005442511716063803,0.006609610371135721
^IXIC,2003-01-29,,,-0.008676085362206098,-0.0034964409245006323,0.021177243855090122,-0.03322840962768059,,,-0.012569474818621251,0.012759689671142382,0.011831501175201042,-0.026294921775985136,-0.001088926103403165,,,0.002180318725946373,-0.013325387053773285,-0.0035600997796164657,0.00017670416346526885,-0.014795702683815803,
^IXIC,2003-03-18,,,-0.020623802480441267,-0.005397517495261628,0.0061110523333500755,0.048098894473742826,-0.00032821697245022374,,,0.038751699342339574,0.0059471432845064065,-0.0024848112653841348,0.004080019942686697,0.013594492342682729,,,-0.03661448389052857,0.015498824639491593,-0.002559333555299026,-0.0023063543078957194,-0.010583366020633922
^IXIC,2003-05-06,,,0.019309291074216084,0.006196013413843016,-0.004750893769046249,0.005634052673190615,0.0205899556436544,,,0.0007718741189706169,0.013078057341652016,-0.011124132286597477,-0.01132898951972472,0.020447263662838777,,,0.013978883438291456,-0.001115849666460722,-0.0031045601229646724,0.010736842925676005,-0.008282932321864056
^IXIC,2003-06-25,,0.024648147889637873,0.0011160492749269224,0.005214495904991789,-0.016993214490785502,-0.002377744025671036,,,-0.02065395405188808,-0.0031910691593589613,-0.0018372775448509682,0.01956121380538689,-0.005354924356464008,,,-0.0015135799334992095,0.010679045805551901,0.023534704853287236,-0.009096173719960743,,
^IXIC,2003-08-12,,,-0.0009092552709092372,-0.02366314901884259,-0.01244095983810134,-0.0003025388966710896,-0.004932891179600496,,,0.010632397314680464,0.015347485028752272,-0.0002371203559830004,0.008140578194127057,0.0009821823746327674,,,0.022021010601407154,0.012428927581396687,-0.00032362901454374704,0.009661813641388628,-0.006880314029484191
^IXIC,2003-09-16,,,0.016348805882162143,-0.008042878633881867,-0.026486174393807183,0.012216133539553642,0.004842701949571593,,,-0.005029610290748998,0.02251181119755885,-0.002198979686879099,0.014046027075093281,-0.0020162329123621925,,,-0.016308945191280233,0.01445625015017682,-0.03050923396981431,-0.01435155482901751,-0.013850698906348713
^IXIC,2003-10-28,,,0.006682857513631513,0.008186422621579093,-0.022067122255784333,-0.00661721479126387,-0.010564804133704198,,,0.009283963076934354,0.02620941770456775,0.002225398655663513,-0.0019984493485373234,-0.00024834840729848207,,,0.01836756405973361,-0.00494484967738873,0.0007150387569834216,0.008676258206650411,-0.002848659358683836
^IXIC,2003-12-09,,,0.015079599836846036,-0.0048999408304170045,-0.010009720275896306,0.004361713469264172,-0.0157355250765574,,,0.0056919784100673,-0.020796895504842206,-0.0019231166566887614,0.019777870680776966,0.0034392138760146462,,,-0.015772185856528953,0.003143489029733715,-0.0015382727903401339,0.018138528234792117,-0.0026378114682740206
^IXIC,2004-01-28,,,0.0035132726930133806,-0.002574525529641214,-0.010940718308695585,0.0022935745463574797,,,0.014106305604588476,-0.01754550623389839,-0.018274664543744934,-0.0043998595354421965,-0.0010057286397756604,,,-0.0014519759658274678,0.001483197411042969,-0.02520070432021193,0.002690996606935725,0.02200971988068834,
^IXIC,2004-03-16,,,-0.018973142361312978,-0.006780232239741446,-0.015542617752151822,-0.010314899327340754,0.02100940151580466,,,-0.022940163017098114,0.002005989452550594,0.01732809315964845,-0.0072442118864357585,-0.011195232139120548,,,-0.015753887847069104,-0.0042410469042338805,0.004038243476414571,0.03021244740277429,-0.003634675322588099
^IXIC,2004-05-04,,,-0.006342174915297538,-0.0020817226263722954,-0.021150974211803786,-0.015460864904291882,-0.01972146147348619,,,0.009671091348567584,0.006065863014430128,0.003476082484704879,-0.009973135625239382,-0.010207782982526226,,,-0.011413176027792349,0.01860692395126251,-0.0029823749389995546,0.00022853436316849773,-0.011308250113227003
^IXIC,2004-06-30,,-0.006216232556687795,0.010013279856135648,0.013454331783573359,-0.0026769360567503453,0.004911774176971528,,,-0.002789488116726413,0.00748091801431916,0.00631962033688116,-0.015743796785501862,-0.004410713915839692,,,,-0.021543250840904027,0.001349629103792882,-0.01564535036883785,0.005688986871001056,
^IXIC,2004-08-10,,,0.0025061358222389085,-0.017266579531188375,-0.0023448092676850996,-0.018021008837999286,-0.024560415734507623,,,-0.0012662573268189536,0.01919258905597543,-0.014529721864334322,-0.01679180719079465,0.002699005697668788,,,0.014579845178367856,0.006960823415228745,0.020119757759190948,-0.0062685205607594385,0.009962143171775573
^IXIC,2004-09-21,,,0.00848327137163185,0.0026277596700232664,-0.009856951363769628,0.003986214986175574,0.0031563851856715175,,,-0.0010575520354521029,0.006870873600505201,-0.018462659293658423,0.0003818682556460118,-0.0036842464572250933,,,-0.010428403489059379,0.005371309013564307,0.012872523946539927,0.0015312124480089118,0.023913448772124646
^IXIC,2004-11-10,,0.002470901071368603,0.002485033844366713,0.009844828222443702,0.009629177456447868,0.00756558090485715,,,0.00015206852710725194,0.0020007140148032843,-0.004291963436913848,0.013128126065721224,0.011677299980741296,,,0.004195958275971634,-0.007387442781274012,0.010131632172222016,0.002190856609586067,-0.015991287288706912,
^IXIC,2004-12-14,,,0.001531704092409658,-0.01700875671847768,0.005414674599415026,0.0013639473955873171,-0.0004414922437839808,,,0.00960021568104441,0.005278141908598988,0.0012547044351540748,-0.0075837072502724645,-0.0051021371619554,,,-0.0034422319612695818,0.01083714237131872,0.0028453619340560454,0.001664366208102841,
^IXIC,2005-02-02,,-0.012569653051892837,0.005600637364200134,0.012940921943770167,0.0005180899234433767,-0.005529672092603466,,,0.013056078664938076,0.003049849123381465,0.0030744465471042037,-0.008395017745862488,0.014103546318247728,,,-0.00221880086238857,0.0022333502775271352,-0.01635606989600258,0.00026798315024723074,0.01147523906896697,
^IXIC,2005-03-22,,,0.004623855598280491,-0.007830202379223605,-0.009449714814550925,0.0003324042888812606,-0.004279864658519816,,,-0.00013947140459258378,-0.009051035290944198,0.00044236022898669347,0.00042210805990872124,,,,0.0007332581110242042,-0.009354994913839176,0.016105355433897017,-0.0032109286849069107,-0.007212737912033029
^IXIC,2005-05-03,,,0.009621252803487357,-0.011964489865644912,0.0015513387683072644,-0.01359800628338681,0.009174537181543707,,,0.0036427028392613803,0.002291717947294769,0.015084831376984686,-0.00021910359382149025,0.0028289971555091054,,,0.0062622657444086904,-0.008536788474296508,0.004473284801329802,-0.0038903622811257144,0.006568641863041069
^IXIC,2005-06-30,-0.0009474259764321591,0.001408047253705691,0.000459076408784842,-0.010215014549615486,-0.008398236946795312,,,-0.003930349288018831,0.012072140619846516,-0.0004831174854206255,-0.005766344397264533,0.00019939923857981157,,,,0.01039185056392622,-0.0048587360944076785,0.0033886883216356356,0.017931632482751203,,
^IXIC,2005-08-09,,,0.004828661410847035,0.010371790189714014,-0.0006040366111345064,-0.01149849989878915,-0.006119670258868282,,,-0.00620779558239648,0.0045278574168776675,-0.007533786492409988,0.007757860877376954,-0.008116689010623901,,,0.00470125512441788,-0.01383453001713797,0.00378550135615896,-0.004228060803042499,-0.00024344571000656234
^IXIC,2005-09-20,,,0.003364759677738194,-0.00507601495693033,-0.01032343588120177,-0.0014796125609632949,0.006616590619785034,,,-0.006985019653525715,-0.006493353522283196,-0.011584402528863946,0.0019652797487297313,0.0028710043252440087,,,0.0021824383775150835,-0.0023757408366419375,-0.00048195517378535335,0.012205762291455091,0.0048897221426937865
^IXIC,2005-11-01,,,0.016146362671496828,-0.0030154250188081377,-0.004456091664335582,-0.01725672693114988,0.01263189124900066,,,0.014555939920664951,-0.0029476960128611562,0.014313762241532135,0.007419594962777332,0.004263436623309413,,,0.004061001678485887,-0.0028325262150458164,0.001721855242542869,0.009591771563168372,0.0026358137018966943
^IXIC,2005-12-13,,,-0.006919341681518865,0.0013820260696832953,-0.003870379855536732,-0.002464486749196415,0.004571645927294421,,,0.0018699493247520405,0.0017913040605015418,-0.001063978856236214,-0.0008663544884316421,-0.0036051466919523323,,,-0.01320322066888513,-0.00014399721100133434,0.004157625722945868,0.006645312775718892,0.0013042264391835978
^IXIC,2006-01-31,,,0.00034258110422991095,0.007462865644422001,-0.0020307240508773416,0.00988658068331505,0.009299159206636043,,,0.0011066815594535928,-0.0004161475846453655,0.0020556635356840935,-0.012546737370687011,-0.00832321150146853,,,-0.0016706720497634553,-0.00612718593564987,0.009808646886537042,-0.00490073285911985,0.0026640565780855496
^IXIC,2006-03-28,,,0.0033081262433392045,-0.008590830181055331,0.00397524104607716,-0.001389365566162204,0.005508408822709532,,,0.0011933525670169143,-0.004802303013638043,0.014458948701291163,0.0013003956849670928,-0.00044002924906438867,,,-0.0013035566342298743,0.0036889500858139357,0.006135472558174815,0.0006017255535544219,-0.009380901449973056
^IXIC,2006-05-10,,-0.007655325253302037,0.0021911101412861456,-0.0025413521993467025,0.008650256684787694,0.008033980291834109,,,0.0010330200610368934,-0.0028742085307158494,-0.007488510538062654,-0.020700310790804477,-0.012724918597410095,,,-0.002344262671449715,-0.004194796846496929,-0.014951947951243993,-0.007049813336606592,0.006219185270045502,
^IXIC,2006-06-29,-0.009169243289557039,-0.001592035426895011,0.016202619587839306,-0.008509233662719495,-0.000711268961326561,,,0.005750706510274872,-0.015663117116836767,0.0055184325154744585,0.029613887566809938,-0.0010530795193492981,,,0.008443408425941712,,-0.01693267755988881,0.0008126909492101042,-0.011614377253887365,,
^IXIC,2006-08-08,,,-0.0012749491495112064,-0.014095340063065454,0.008157201751237908,0.006508545232856822,-0.0034841559002243283,,,-0.0060190635880316146,-0.005621183278045838,-0.00027661806165490965,0.005562331709544788,-0.0067720994733937445,,,0.005506158953440643,0.022218018905015624,0.016326177718989365,0.003754323349517419,0.002938363946382916
^IXIC,2006-09-20,,0.003444452510608542,0.019588205848096063,0.005347841047580459,0.00047585981358388985,0.0030780343433223223,,,7.153015673178054e-05,-0.005984516521301608,0.013732984958081174,-0.006720209730622706,-0.008410264041727178,,,0.01358318543049486,0.005455596828159548,0.0009064557332514322,0.0029292906957241183,-0.005105720562331606,
^IXIC,2006-10-25,,0.0027786350935119497,-0.007991292141765194,-0.003326317827903713,0.001621649967209704,0.0005810091057090183,,,0.005661106386544823,-0.004550922259025203,0.005011002695100686,0.009551941120898855,-0.011970904669713955,,,0.005594226922333911,0.0012437510341352098,-0.013672931544358558,-0.00014140043746280195,-0.0013838700789715608,
^IXIC,2006-12-12,,,0.014578064988161277,0.0016296384193015268,-0.0026585503478963046,-0.007428947371310501,0.003983278857276007,,,0.0022565397633498296,-0.00460935512902072,0.0003330376791419454,0.008814380109264608,0.001365141871878972,,,-0.00880265474618147,-0.002471708619454782,-0.0007984776469971422,-0.004844274510833246,-0.006072465352820244
^IXIC,2007-01-31,,-0.00825680544303975,0.0001397918366989881,0.0143415213592053,-0.012991241335897463,0.000513507297971838,,,0.002299372068333083,0.003092800517667138,0.006244298767182688,0.001806038034901425,0.0030384302076933434,,,-0.0021324884106462827,0.0003601928855136993,0.007691720314765282,-0.0007348235796025282,-0.011592478882811896,
^IXIC,2007-03-21,,0.006173688481047712,-0.021529444764008976,0.009006292626612122,0.002934537919905944,-0.0025392185590806804,,,0.009166926911435613,0.005763444579114596,0.019811379286433395,-0.001701982057067175,-0.0011461486964127188,,,0.0027358688728944536,-0.007411520481673817,-0.008340684472800897,0.0003226118591472815,0.0015550854251913382,
^IXIC,2007-05-09,,-0.012560514598926265,0.0025503808506213144,0.010392947462313007,0.0029790263601501277,0.0026076966735451013,,,-0.00046651681178522253,0.00031118802128382583,0.0017848110783027504,-0.016535121995919666,0.011240293233922394,,,-0.006158733238093017,-0.008305674914944272,0.00876330341077014,-0.0031561498728416293,0.007509734360128029,
^IXIC,2007-06-18,0.012654604086347332,,,-0.0005401651801214546,-0.008700847019883051,0.012761950612503625,0.006621921120090857,0.010502402372533748,,,-4.1825432911868354e-05,6.0881787645516994e-05,-0.010202701704186579,0.006538562229962297,-0.01069943767499193,,,-0.004588669964674996,-0.0011331297154528741,0.012116646444593426,0.0011591607338938825
^IXIC,2007-08-07,,,0.008211580157476028,-0.014326751008754801,0.002984796426912073,0.008657395351647335,-0.025128293294022885,,,0.014367378048780521,0.005601951491796431,0.02005772987731791,-0.021618990829099682,-0.004537509515218807,,,-0.0010412640450488952,-0.016961369977859464,-0.016121689704071573,-0.003155976427432705,0.022014858585261976
^IXIC,2007-09-18,,,-0.0025684389739299984,0.014989532169795927,-0.002078908478117314,0.00346826667385014,0.0004305448631125586,,,-0.007885703552525825,0.027114338209948796,0.005588977791494365,-0.004571548069191578,0.006378327685170548,,,-0.001224167072391702,0.005809704186239273,0.005805987966422066,0.003912538385688613,-0.0029857239022168525
^IXIC,2007-10-31,,0.010557185801614466,0.016460142142394663,-0.00875231308078861,-0.008613322326844641,0.01938660342650289,,,0.004725072222944826,-0.00025909353311204253,0.015056628775468317,-0.02248595247049001,0.0055637746313121905,,,-0.005408504118903479,0.010732761658885925,-0.027049576920441187,-0.019194112828396226,-0.02524482885524848,
^IXIC,2007-12-11,,,-0.008955444078385999,-0.006560088223280691,0.017760705049304715,0.01600306041041777,-0.0010594630389700876,,,0.00472626876381832,-0.02449469637604773,0.007084206168136875,-0.000992049256241856,-0.012272858477960225,,,-0.023249648874290485,0.008378482744598736,0.0019183061877365848,0.015321008956763249,0.019361072049520756
^IXIC,2008-01-30,,,-0.02040580832704386,0.010530998692318772,0.019215083450015547,-0.014706119585602528,,,0.010192572192925908,0.003468280397634027,-0.0038421661741528945,0.01739468174622183,0.009833211545319909,,,-0.012642128985142609,-0.030753100821974688,-0.01334450458187153,0.00626660638370824,0.005154781319196111,
^IXIC,2008-03-18,,,-0.019502868954981767,0.039836963488298016,-0.0052709031664056605,0.008797296279838829,-0.022583446248047978,,,-0.016036221915287197,0.041915287293430525,-0.025702542291061725,0.02178779133353581,,,,0.03039705298360862,0.0061459326649295765,-0.007129254419231512,-0.018727747545606244,-0.008615348715731108
^IXIC,2008-04-30,,0.002109917485939805,-0.01291510820075814,0.011893451340013517,0.009857751016571603,-0.0024661126867250305,,,0.0006066913796922702,0.0007012850111305369,-0.005482069285176472,0.028145685815265997,-0.0014995589011619348,,,-0.005195771116401349,0.007787745926993717,-0.01804851883246339,0.00522864561718972,-0.0023335008917581,
^IXIC,2008-06-25,,0.008262387165155927,-0.006889520937733318,-0.011400772157202477,0.013314386563146652,-0.02273298350613484,,,-0.008457745517787552,-0.007318467649018556,0.013925709823487953,-0.03326998836161965,-0.00247277861143258,,,-0.00978131372023927,0.005228999091358766,-0.02321505722232986,-0.002700504663857406,,
^IXIC,2008-08-05,,,-0.02004304553784253,0.024467652083808522,0.004354098087350211,-0.0017898811562925276,-0.006273822357844794,,,-0.0109910611923566,0.02812003092615889,0.012145575685741816,-0.009519181457561698,0.024777931966500466,,,0.010707863166370624,-0.0038278833324078,-0.0008187204637628565,0.01031441867347671,-0.0004686458979255015
^IXIC,2008-09-16,,,0.006152866142775215,-0.02641246251319118,0.00854819739129331,0.01324539874276387,0.001350642925709078,,,-0.03597982846769465,0.012839975670045245,-0.04939073758359269,0.047764249629808075,0.03401382445811363,,,-0.041743227913051184,-0.01177151812942867,0.0010912648922227763,0.014329648973092413,-0.0014771904708150707
^IXIC,2008-10-29,,0.034324976417530406,-0.041439961114713375,-0.047699065910469796,-0.0073278451618830065,-0.032345956928529485,,,-0.02972236619913282,0.09533829866622434,0.004692410514800516,0.024927474229264446,0.013205573901222012,,,0.0031261832333642214,0.03115860839571516,-0.05532210229584378,-0.043374362432622826,0.024056737997658395,
^IXIC,2008-12-16,,,0.04136322506111978,-0.015524211743460192,0.011723354304249867,-0.03679381167729168,0.02177889866167737,,,-0.021016151863103016,0.05406609297379039,-0.006654520726093738,-0.017058121886813327,0.007697875641414331,,,-0.02043697696175606,-0.007054482785046501,0.0022082792863162837,,0.003501846504569528
^IXIC,2009-01-28,,,-0.057848844425539614,0.04595169663299736,-0.027589931148897295,0.00805194774905127,,,0.008238004422424172,0.010366215864469508,0.035510625649074035,-0.03240627918659378,-0.020837703328752566,,,0.012198432173474494,0.014634338397357727,-0.000824375097109642,0.02058673997626359,0.029406800361069907,
^IXIC,2009-03-18,,-0.01948445446782443,0.07065835352298766,0.009835958022940572,0.03970426668505911,0.0037865679170521194,,,-0.019196633230003535,0.04137402958093617,0.0199095729071046,-0.005190374583520008,-0.017667889882287624,,,0.06759214056409646,-0.025228664588758387,0.008196351832181481,0.037967265562637964,-0.026339035178402637,
^IXIC,2009-04-29,,-0.03876704945625531,0.02216129455364224,0.001380916485667072,0.0036995880241883494,0.025468965276739253,,,-0.008782442521497735,-0.0033344897743645685,0.02278029255274916,0.0031310137068663035,0.0011063310369359147,,,0.025802762146216462,-0.005352844906280074,0.0028390192704104145,-0.024364723976126657,0.01326155426696296,
^IXIC,2009-06-24,,-0.02282119799386495,-0.011120994019738872,0.00661403897580759,-0.0001880954612146768,0.010925364724669206,,,-0.033532714780148964,-0.000719003902788895,0.01553607029908588,0.020755031942370383,0.004744324505230768,,,0.003177034296059311,-0.004891391410607571,0.005819999244311536,-0.026656238190418624,,
^IXIC,2009-08-12,,0.015218592545646947,0.0013442496362552347,-0.00907866476757535,-0.00997968649113079,0.013729228927735981,,,-0.004004504319772506,-0.01129884445446594,0.014717748382687468,0.005318406299344103,-0.0118595348467051,,,-0.02753941192889442,0.012989206028965139,0.006810066868681686,0.010146036322557173,0.01592586751466185,
^IXIC,2009-09-23,,0.005228568150188462,0.005191685133785429,0.014510335256797458,-0.0030002121917068747,0.0028729786866696916,,,0.002428631686907101,0.003863355977770544,-0.006932920195034997,-0.011170869807850758,-0.007919010014281636,,,0.01904428186980356,-0.0031444245673251103,-0.0007627526589447653,-0.030597122057203663,-0.004554053082324705,
^IXIC,2009-11-04,,-0.0058575302596379775,-0.012026990027833029,-0.026690725877862254,0.01842093378233689,-0.025000625613610605,,,0.0019998757277641666,0.003962579241160169,-0.0008749483640435596,0.02422746962079292,0.0033818482775511693,,,0.019702390762311284,-0.0013834249685198419,0.00735436322414329,-0.00825136536909754,0.008776029590158885,
^IXIC,2009-12-16,,-0.002160088419545181,-0.007590445957097458,0.004942494113015394,0.0032651138267536517,-0.00025106524431273147,,,0.009948381041764431,-0.004995275231818197,0.0026623035148019003,-0.012170801868200076,0.014513378991061643,,,0.01174213899377441,0.006707904844876822,0.007533269982581414,0.007071627917983658,,
^IXIC,2010-01-27,,,0.014165233347919859,-0.012562447668743149,-0.011151139695853796,-0.026662803288727388,,,0.0024985419913143847,-0.0031979682482469185,0.008022730460319094,-0.019091439125300425,-0.014524966656149663,,,0.011106644203782157,0.008686490349124831,0.0003880503241406874,-0.02988711681244205,0.007382123171081778,
^IXIC,2010-03-16,,,0.002518908605868786,0.0036317359264343985,0.007805432637021825,0.004031458895895845,-0.00033779284485280225,,,-0.0023018302349933073,0.0066886725098112,0.004659390868624769,0.0009166424562012665,-0.007054848023157034,,,0.00884008701586314,0.00828257856703285,-0.006823330408317174,-0.0005628314840807613,-0.0009510385709838864
^IXIC,2010-04-28,,-0.00046343484327493467,0.00814477998836649,0.0017198062349688126,0.005773338091486169,0.004398382610925511,,,-0.002845661897425744,-0.02040467764524556,0.00010520450125106606,0.016259842994107432,-0.020195699722339477,,,0.015256867499901405,-0.02981102096476551,-0.009058455579045055,-0.03440473262613597,-0.02327947547926612,
^IXIC,2010-06-23,,0.0001603954651392403,0.02759404042536051,2.1704872182670698e-05,0.0005333988912121779,0.001144323245602985,,,-0.00896612715373657,-0.011921784645726907,-0.0033469220072291916,-0.016329327048563047,0.002732932330032245,,,-0.001272814754285978,-0.038488719276693284,-0.012148831591124232,-0.003735887262228732,-0.004554225772904985,
^IXIC,2010-08-10,,,0.018033510946264375,-0.005158270309020829,0.008780325399661226,-0.0045624875535521525,-0.002001730339954544,,,0.0075246653543958875,-0.012369407967254942,-0.030098781124802798,-0.008312784058626566,-0.007665739343906686,,,0.0038602318834979332,0.012635868653028792,0.002833301620156492,-0.016586180805105433,0.00037176558062479437
^IXIC,2010-09-21,,,0.01927775536248655,0.0017762789956450309,0.005044196023882508,0.0008386193937817144,0.00536637682486707,,,0.017369059918253882,-0.0027506145408872085,-0.0062996353088838886,-0.0031997475088935134,0.023265160957308906,,,-0.0048084390828009305,0.00414389087482725,-0.0012733408633253118,-0.0033409386720688605,0.0008992082761793974
^IXIC,2010-11-03,,0.004622187543972034,0.002585439168864223,0.002390579632218559,0.0016419019222297937,1.5871179767978916e-05,,,-0.0010248919438099469,0.011449805430404414,0.002664277348496613,0.014592963769345824,0.0006362732593303555,,,0.00041491921902414575,-0.0066161772199451185,0.006164718003468517,-0.009019772722517527,-0.014599791161328368,
^IXIC,2010-12-14,,,0.0013351396470151489,0.0013757913411043265,0.004106200876316413,0.0028783248319776966,0.007975831041213466,,,-0.0047886010320489225,0.0010705352518143307,-0.003995859572963001,0.007676117451154818,0.0021460927928940166,,,0.002493440320425533,0.00681247015691544,0.0014506891528518473,-0.002200983295958747,
^IXIC,2011-01-26,,,0.0038290017933300113,-0.014639256939009693,-0.0077311135148693255,-0.0054542966127676396,,,0.01041442378949986,0.0006255454881531897,0.007446906316079804,0.005760185908696869,-0.024821483112989595,,,0.004909090463032895,0.018929017585560537,-0.0005924283118260432,0.0015710965124213772,0.0055994330442170615,
^IXIC,2011-03-15,,,-0.014019628953442775,0.007335342918878496,-0.005079977268141134,-0.0184248221881822,0.005401695576161325,,,-0.0053911040759268,-0.012454745126014077,-0.018936542642345566,0.007348606310867423,0.0028906405059578866,,,0.018315511182002364,-0.003053378763251513,0.0053765387334565595,0.014127366251737161,0.0024265781233605566
^IXIC,2011-04-27,,-0.010587242712517098,0.00350594370854429,0.020961992180832834,0.006297890920013538,,,,0.0020282433909382114,0.00766492460693069,0.00784531330325211,0.0009234346358000245,0.0003516098196794104,,,-0.003292092961609261,-0.007841945869126565,-0.004712148762517576,-0.004776842710431106,0.004561763878563552,
^IXIC,2011-06-22,,-0.0015281587349490477,0.014785838550448238,-0.01764275858712472,-0.002948937046665323,-0.0027518278909522964,,,0.005037275935229513,0.021904010245205496,-0.006724346841655682,0.006578796930614361,-0.01260262675048851,,,0.013340220722224183,0.015262557787778741,0.004096248282756676,0.01205259986884677,0.01532709678180355,
^IXIC,2011-08-09,,,-0.004270012077803864,-0.027461138098882176,0.00892766413368018,-0.05075255092212139,-0.009380408105340354,,,-0.06899355821806574,0.05294592640563445,-0.040873777413599544,0.04688262763205686,0.006137991738897286,,,0.018827889804088338,-0.012425642065873821,-0.004743494396457604,-0.05218040750763442,-0.01621129159781798
^IXIC,2011-09-21,,0.010980635157955554,0.01485309674107027,0.01595487946704144,0.013418599784666974,0.00584563891064338,,,-0.003615125693349097,-0.008645831230952417,-0.020094681969378136,-0.032511364963305645,0.011223030566219983,,,0.013474370557971405,0.01197610250784753,-0.02169363416686032,-0.004342653264235996,-0.026346807899426783,
^IXIC,2011-11-02,,0.02349987540539522,-0.0226046961057641,0.004642930376031362,0.03318404913852113,-0.0005404090848633025,,,-0.019268214060623845,-0.028851760240676483,0.012666101522853968,0.02196607196395428,-0.004381097079555141,,,0.003387784742880484,0.011961780997820304,-0.03880494090522035,0.0013350371446894105,0.020417918842804195,
^IXIC,2011-12-13,,,0.010974818086219251,-0.0023345299082284665,-0.00013213425946489998,-0.0199418237527329,0.019438686602778033,,,-0.013068397005653654,-0.01262890757851276,-0.015492740440088637,0.0006694539590081927,0.005635581246960841,,,-0.012597271022808498,0.031940396221264766,-0.009893502766745166,0.00833212982030651,0.00738230847552912
^IXIC,2012-01-25,,,0.0064228241548336396,0.015259773034636215,0.006722767889095982,-0.0005846248139392829,,,-0.00090789440600203,0.0008871479731602516,0.011365001304967537,-0.004623348398854477,0.004017431205994404,,,-0.001636792296232481,0.0006757422007472869,0.01223592335214585,0.00400590956304514,0.016078715649261888,
^IXIC,2012-03-13,,,-0.008638548427239212,-0.01361131489629519,0.008717210633528927,0.011830261765353178,0.006032872956330593,,,-0.0015661456338972313,0.018842620258077147,0.00027964843645844617,0.005143546720429049,-0.0003632110573363878,,,0.007547658307326621,-0.0013546888962223669,0.0003806470252907257,-0.0039020328724358455,0.0015015908925535282
^IXIC,2012-04-25,,-0.007614633795152592,0.01821046974768814,-0.003736703759033122,-0.007880681839688597,-0.0023640782838429963,,,-0.009998500387677911,-0.0029792972987588984,0.022970618217526217,0.006925012434158662,0.006093811760726986,,,-0.00744162782267721,0.00133924875605973,0.0030848521625579384,-0.011618232166129672,-0.022471302397337745,
^IXIC,2012-06-20,,-0.017033865819935712,0.011865940187271162,-0.008603361981723845,0.006286776115811632,0.012858154621846474,,,0.007842533038825872,0.011891539379482952,0.000235494171519246,-0.024351162609930754,0.011657496951753998,,,-0.01945084437433786,0.006311402402928046,0.007449040780207028,-0.0089833748977165,0.030026446447250832,
^IXIC,2012-08-01,,-0.01201591149545711,-0.009397406026362076,-0.003056245404226443,0.013667389532448393,0.022410814098548393,,,-0.004141185574485062,-0.002145421397907743,-0.006569119606414264,-0.0035750653363630924,0.019977483588845324,,,0.007416021594341515,0.008679256591444418,-0.0015286211089599044,0.0024540946710254197,0.0007355017235439743,
^IXIC,2012-09-13,,0.0026410836005090754,-0.0018829027570758106,0.021679434731735503,0.0001944834890681424,,,-0.010330218258650992,0.00016430621014551505,0.003150244708404415,0.01333201214717783,0.008910452195063145,,,-0.0016583267255604328,-0.00027365944506807516,0.0015167940982165895,-0.002092664535749078,0.0012594617215575532,,
^IXIC,2012-10-24,,0.006593002063170372,0.012071742214749603,0.0009513168858275023,-0.010067265060707209,-0.021885077284539367,,,0.003772879907594895,-0.008783676397138951,-0.002929318526263991,0.0014824315283259448,0.0006127797652355493,,,,,-0.0035877343591115274,0.014385881643666831,-0.012559411086318528,
^IXIC,2012-12-12,,-0.002670896369918352,-0.0018353240474453525,-0.007671794774866347,0.0052359244762536505,-0.0037567634892049506,,,0.0029952323534938596,0.011831456850038613,-0.002809115606396184,-0.00718364663447868,-0.006961470842542838,,,0.01321631003581758,0.014591752546219805,-0.0033294555226032196,0.001980641232799618,-0.009631517231283748,
^IXIC,2013-01-30,,,0.002701995019849246,0.0033373813979842293,-0.007385059197524746,0.006174994361269892,,,0.0014573049415822492,-0.00020294097227302466,-0.003598946567460848,-5.733863873724765e-05,0.011765972834534288,,,-0.015076648834236428,0.012905769171991155,-0.0009774615743212145,-0.0010573201272852106,0.009080270143436264,
^IXIC,2013-03-20,,0.002619923033740923,-0.003243304665741409,0.0008635942069536995,0.004255563416584396,-0.003025491031740657,,,-0.0035333126793867242,-0.0026223178363837807,0.007769918240754015,-0.009707436971656547,0.0069508786895529084,,,-0.002989199128466846,0.005310150953957926,0.0012421411005634209,0.0033778388998153552,,
^IXIC,2013-05-01,,0.008574384051443174,0.011065246789621286,9.782561292603908e-05,0.0062208763929265665,-0.0032614021624988165,,,0.008465327446727455,0.006582971800193738,-0.008910191361409248,0.012576114263082472,0.011378056855204655,,,0.00424435004365975,0.0010786750666751388,0.0048990138145317275,-0.0012012227666691189,0.008040126153326055,
^IXIC,2013-06-19,,0.001311548090507264,-0.010599454814899767,-0.01062570594570278,0.013213086781521222,-0.006327364382365697,,,0.008345062954872029,0.008704785117656932,-0.011194131616968028,-0.022816002470902874,-0.002196339820622728,,,-0.010869011909859227,0.00816978123463219,0.00846206985116349,0.007594332401691828,0.0004085684108798837,
^IXIC,2013-07-31,,0.003562200120300618,-0.005865996094037373,9.221939758630171e-05,0.007148799601037759,0.002210693703426969,,,-0.0038802654386433932,0.004815060998528242,0.0027375165740557428,0.013614129681049914,0.0037679753445691855,,,0.0009106332143176132,-0.0073599512584783255,-0.003208059890000614,0.0041352123780427075,-0.0024556322709139433,
^IXIC,2013-09-18,,0.012614698252684908,0.006162703460680152,-0.0010753521688331436,-0.00242684960276629,0.0016711547688650352,,,-0.0011632521973398147,0.007490848954125884,0.010128932349314335,0.0015170551102483554,-0.003866042148531368,,,-0.002500825610068591,0.0007861176448009655,-0.0018974065796457662,0.007000567201277841,-0.0015419014623118121,
^IXIC,2013-10-30,,0.0014740947219062939,0.002428545404438376,-0.005725817229006447,0.005602636296542451,0.0036651293542169228,,,-0.0008191553703896792,0.0030989346649175076,-0.005495471093105553,-0.0027756832063960957,0.0005944516681644085,,,0.0037098164942759304,0.0008306731100373721,-0.00200772515630665,-0.018977828805942787,0.016047343911475442,
^IXIC,2013-12-18,,0.00153352609680657,-0.0020301099270353395,-0.013958889635719451,-0.0013512519751999186,0.0006452776580669894,,,0.007133262151228337,-0.001449325940141244,0.011526793318825002,-0.002928744501068503,0.011483177768736308,,,0.01075821256578835,0.0015715056243141845,,0.0028300999964747664,-0.0025413664839353256,
^IXIC,2014-01-29,,,0.006713317429452692,0.004079795192155178,-0.005684684701272702,-0.02150095841956723,,,-0.010794084375501223,0.0035140116558984857,-0.011354437266446693,0.017697443219224063,-0.004668783314405123,,,-0.026053375081174335,0.008646586138342016,-0.004953459391588755,0.011359715771884105,0.016942990128032465,
^IXIC,2014-03-19,,-0.00040819410536185874,-0.006289206860821905,0.0037472544601737656,-0.014551319263895746,-0.003525478663295667,,,0.008138289386984798,0.012467402854288157,-0.005933099775888961,0.002713794489096255,-0.009839580027189987,,,-0.011784516397442268,0.0018644475681597328,-0.014333035240149505,-0.0053551380919689695,0.0010911910873554476,
^IXIC,2014-04-30,,0.006355672791761746,0.009683288602896356,-0.008287895694659042,0.005178042921024417,-0.017544316014972083,,,-0.0002846617969850529,0.0071520070236570366,0.0026854909240188185,0.003132810442717293,-0.0008601661560403429,,,0.003433680881039791,-0.013847080036725634,-0.003207757344048434,-0.003975229599639252,0.0050277964179934465,
^IXIC,2014-06-18,,0.003434149203178638,0.0004058275210514495,-0.0013992218116066768,-0.00791801612143117,0.003029581393996006,,,0.0024242737288449057,0.0037328185989602414,0.005904658825235387,-0.0008044681333027048,0.0019980044597234237,,,0.00014655010325581586,-0.004195793097104494,0.006760299127326341,-0.00016210042913133993,0.0043115223475056474,
^IXIC,2014-07-30,,-0.0016808337252560701,0.007078405956618239,0.00396770564399529,-0.00035548471328417097,-0.005042319034388565,,,-0.0010450251895733897,-0.0004971891128986439,0.0045467184692233875,-0.020867571500671978,-0.003920087953355855,,,0.007179550575839189,-0.0070828173153058005,0.0005077055478328596,-0.00461064528404187,0.008288335494663901,
^IXIC,2014-09-17,,0.002048950864920185,-0.008710251238435718,0.007519288133011726,0.0011533884164840469,-0.0052724221229905055,,,-0.010662097003082516,0.007492943860891499,0.002071309769615226,0.00684764000978233,-0.002969488203100834,,,-0.011376088687881203,-0.004196400426240032,0.010320131577508107,-0.019421720722844316,0.010172931416857933,
^IXIC,2014-10-29,,0.013533097473594768,0.02395933348198742,-0.008288278931996573,0.015957639400820733,0.006946246175973281,,,0.0004928855574404256,0.01746791862795849,-0.0032995402274749175,0.0037171469287331504,0.01414763798788532,,,0.001764279890794418,-0.0032917256460931466,-0.0006315201418490846,0.003841392504782881,-0.0012806872551406334,
^IXIC,2014-12-17,,-0.008381476205280847,0.005438084699935564,-0.017297956684116822,0.005153721935023947,-0.01158840327921351,,,-0.010409132798206322,-0.01244909540164274,0.021214508636287377,0.022412337341128685,0.0035759373300401354,,,0.0033659518143249745,-0.0033462863043673963,0.0016893144991894093,,0.006994837494464834,
^IXIC,2015-01-28,,,0.0044170342875144986,0.002700371430882198,0.017778554717102768,0.0015746001647269914,,,0.0029172411146065613,-0.01891540439131434,-0.0092939796272562,0.00979301800559318,-0.01028522385781594,,,0.008942299629662864,0.010915902830496371,-0.002335161941053543,0.010261390450860164,-0.0043441260179784,
^IXIC,2015-03-18,,0.0030583909591415104,-0.016722489969242638,-0.002026856629005813,0.008938275149790842,-0.004399958568902851,,,0.011854032788620295,0.0016067338402454556,0.00919504696318385,0.001916542313859848,0.0068183992127064386,,,-0.0030737000233531653,-0.0032409361218895816,-0.023666937231791252,-0.0026986777860629196,0.005728622258214466,
^IXIC,2015-04-29,,0.01273164179408881,0.0039042164775415777,0.004202114797947187,0.004148844436807186,0.0071241280985234745,,,-0.006250898971863816,-0.0009545137344992849,-0.0062862800019317655,-0.01636666094826078,0.012945715169958127,,,0.002305522396315096,-0.015467645539668284,-0.0039863586953727825,0.005264592861262463,0.011729713068099334,
^IXIC,2015-06-17,,-0.009239508348870884,-0.0015452683304197912,0.01252920852564654,0.0011463816553543005,-0.006179952310408909,,,-0.004183223932209268,0.005085435648955361,0.0018455120581244433,0.013439669661465148,-0.003107412833864287,,,0.007224978472493593,0.0011873621016715852,-0.007302137877626014,-0.0019951965055512444,-0.006196987229417306,
^IXIC,2015-07-29,,0.0016736069153009403,-0.002057872097565361,-0.006979504473464404,-0.004903517206967467,-0.011227296636535988,,,-0.009599852766114414,0.009808003104984309,0.004425052160178744,0.0033354274878847345,-9.748907555884312e-05,,,-0.002515444336927297,-0.0019216711857567015,0.006735834148004161,-0.016245326006115723,-0.0025511827477896487,
^IXIC,2015-09-17,,0.027329727245850588,-0.011513132693369843,0.008350670896186907,0.0054396338285118695,,,-0.003438181186356748,0.011394713131093859,0.00590887697784237,0.0009633318699264759,-0.013633202664721789,,,0.00035635651309551264,-0.014957698370727468,-0.0008367068671245592,-0.00384204753589934,-0.010134160597717767,,
^IXIC,2015-10-28,,0.0038431481560492475,-0.0049944243725839055,-0.008369257720938106,0.016513988406231084,0.02272539161843956,,,0.0005644696212581124,-0.0009037862816512199,0.01302944054052202,-0.0042035371306538005,-0.004043935275865662,,,0.014523849091021557,0.0035068177859458594,-0.0005150311856270129,-0.0028662719446126417,0.003779419769079251,
^IXIC,2015-12-16,,-0.007868112873074762,-0.0006997171940450464,-0.014783555447096308,0.004439653856705084,-0.022139929627927657,,,0.0038025496877545084,0.00870918414181121,0.015168080299520215,-0.013523628798670195,-0.015885844152523032,,,0.009311212294450089,0.0064782572294108665,0.008962073164814122,0.0005073511730380176,,
^IXIC,2016-01-27,,,-0.002555404075853196,-0.0011749636866091873,8.276897377723635e-05,0.026636519999008623,,,-0.01583251770202654,0.010884097330975617,-0.02178353552288992,0.00861879798208065,0.023802447776905877,,,0.001391415512356886,-0.02238347129167939,-0.00281383685626857,0.0011810702675560947,-0.03246878187063318,
^IXIC,2016-03-16,,-0.0018592288128812529,-0.012622561627196993,0.005498182239842997,-0.0026141920145239528,0.01851289009839019,,,0.00038108490326904665,-0.004549176945066846,0.007465163259852359,0.0023132007620267903,0.004326640884000588,,,0.0027567097500775795,0.0026596765458037908,-0.010950645889115318,0.0009730075640255187,,
^IXIC,2016-04-27,,0.004414506388753514,-0.003969730228651547,0.0015788023399563311,-0.00045264496825958567,-0.008018810599038417,,,-0.0021278948291887367,-0.0015340228740055029,-0.005142841560304978,-0.011895626288754735,-0.006228588813150915,,,0.008843308499840052,-0.01128564918758812,-0.007889636932570943,-0.0018093406864211348,0.004042813075792351,
^IXIC,2016-06-15,,0.005298904466295662,-0.001400758142901748,0.002597901288607929,-0.003220337369331139,-0.012920996363064874,,,-0.009420654630399428,-0.0010086000399814887,-0.0017796098427454998,0.002066161398522226,-0.009201406595745643,,,0.007680730612334541,0.0013540459769976199,-0.0021553383964951767,0.015873192264108216,-0.04115242584301415,
^IXIC,2016-07-27,,0.005207172397724502,-0.0038391047066046458,0.010634654989109427,-0.003149409301089201,0.005175556162256845,,,-0.0004961164669308182,0.0024364110695591634,0.005823867681084227,0.0029514557351464354,0.0013869893522069354,,,0.004275427585323621,-0.008963815650052998,0.004284042561583101,0.0012616459994692075,0.010620879203968148,
^IXIC,2016-09-21,,0.01677360270622663,-0.010867484776724168,0.003592458082779748,0.014674003983246031,-0.0009753180177586307,,,-0.0018190317570843106,0.0012073116599873313,0.010270269514923491,0.008373623234351646,-0.006324542170030978,,,-0.009095748127031955,0.009171624560940783,0.00242000483338356,-0.00928822783613148,0.008132260127424074,
^IXIC,2016-11-02,,0.009972643655635993,-0.0049775935185072395,-0.006270561272070929,-0.0065329601258417025,-0.004959790052841528,,,-0.00018496000451584393,-0.006852784402973544,-0.009315903348438348,-0.009236905887574753,-0.002380202215833349,,,0.02373979749909183,0.005288310859524525,0.011086877464915323,-0.008049791936929562,0.005435044473829365,
^IXIC,2016-12-14,,0.010130095300156405,0.0045414131127887725,0.01139316812769553,0.0043754447142150266,0.005009845645054023,,,-0.005870137007530585,0.009476149588240945,-0.00497090060665295,0.003711863341206989,-0.0036082980206304516,,,0.003729848776468092,0.0048557565973270655,-0.0022811638636932585,-0.0043882957718310855,0.0028031654893962976,
^IXIC,2017-02-01,,-0.000430242071152831,0.008647674932189098,0.009887569844943211,-0.00020502091472307526,0.0009901734694468534,,,-0.008315077781717806,0.0001924000585202812,0.004961870895870968,-0.0011430280352092703,0.0054238357686751115,,,-0.0005682628433218984,0.001884049849339764,0.0014504161201251975,0.005759835870756902,0.003315679724595899,
^IXIC,2017-03-15,,-0.0036741173135885763,-0.0026072029825894294,0.000620444331211889,0.00021588747820833198,0.003925443993723743,,,0.002396869991335926,-0.003226799102545974,0.007381135456820509,0.0001203313465143463,4.0712447979984745e-05,,,8.977887752070757e-05,-0.01824945581095605,0.0047999437710037895,-0.0006785364982602182,0.0018994296842982372,
^IXIC,2017-05-03,,0.012401583015586137,0.006963847739464679,-4.319215468395754e-05,0.003935113018815439,-0.0002198861516040651,,,0.007273986809581023,0.0006188882183353339,-0.0037438764277253345,0.00045945099706656833,0.004184115214748152,,,0.00031150064877283334,0.0029380117917328086,0.0013969720544959596,-0.002150411882784309,0.0008616831314969264,
^IXIC,2017-06-14,,-0.0016048129055298288,-0.0032752802893042388,0.0035569100550969512,0.0038714327650837266,-0.0180076193924692,,,-0.005228798268341106,0.00727235809706106,-0.004096216139670927,-0.004744254711564144,-0.002228567735787834,,,0.014182933554645283,-0.008171165358585197,0.007420845042860558,0.0004394879663636164,0.004579361626451117,
^IXIC,2017-07-26,,0.0003104903264163905,0.0047319998765846805,0.006419922748507334,0.0007768096843803196,-0.00035211267605639307,,,0.003610044005126989,0.0002121203512226444,0.0016499996497139069,-0.00631506108656732,-0.001176675356569734,,,-0.004166492727691207,0.002334521708029058,-4.558255541786682e-05,-0.0035064098977899416,0.0017696551163279839,
^IXIC,2017-09-20,,0.011331394955606422,0.0034233722414209744,0.0009156957006406508,-0.004815626717389998,0.003016004853435339,,,0.0009568039658145455,0.001034865981451194,-0.0008171372567660207,-0.005165720388111583,0.000658599513185365,,,-0.008764708259904053,0.0015022647407427758,0.011457331412502603,2.9509068969257868e-05,0.006587137784975328,
^IXIC,2017-11-01,,-0.006368895664752072,0.0017611047375845068,-0.005234584309048995,-0.0010847404571368013,0.022036726263594097,,,-0.00034318990278470185,0.00428573406990207,-0.0016558685024852249,-0.00023670612665394053,0.007371622148810042,,,0.0032523017708139257,-0.0027496237218793684,0.0031532249435857196,-0.005754841838942926,0.00013187113347390422,
^IXIC,2017-12-13,,-0.01054673661980754,-0.0019423523766791684,0.0020954572479787714,0.005380448199189036,0.003998367053937191,,,0.005116899159109511,-0.001856015313458026,0.0019643474530546268,-0.0028025858923514946,0.01167504488087423,,,0.008387373438313528,-0.004418974919003227,-0.0004150199499157736,0.0006320826967027848,-0.0007752510207285068,
^IXIC,2018-01-31,,0.009766383896178787,0.007054541547735882,-0.006062764347220195,-0.0005259434600574098,0.012765864086942358,,,-0.005230676373521703,-0.008575597858458073,0.0012158087591922495,-0.00345681527239039,-0.01961987780043961,,,-0.03776029426818206,0.021291634514759794,-0.008979901768450649,-0.03897059052633367,0.014361484143950776,
^IXIC,2018-03-21,,0.003638468022845176,-0.01018803376565769,-0.0018905190479496792,-0.002010164870253739,3.341468591111507e-05,,,-0.018410876743346405,0.0027313336263987686,-0.0025813405387026256,-0.024316243787705694,-0.024280454776577365,,,0.0325869974892794,-0.029323288746175402,-0.008500740871404622,0.016436384342549237,,
^IXIC,2018-05-02,,-0.0024530459764539048,-0.017008949630919035,-0.0005151538357498486,0.016411222798086378,0.00015728040572171587,,,-0.007518439650649578,0.009117989491367329,-0.004179153821154857,-0.0017955470680260932,0.017137083232901862,,,0.007710509409154076,0.00023260737340513593,0.010046960173856645,0.008863876697230433,-0.00028228770279992155,
^IXIC,2018-06-13,,0.00690066257012667,0.004128057270399443,0.006727063865201277,-0.007044962636760799,0.0013673668540834516,,,0.0018861280147839388,0.0057258829094712915,-0.0010501121797167334,0.008490435190003698,-0.0018889422263270728,,,8.389755648208208e-05,-0.0027675047083631776,0.0072382721586286,-0.008810574345786137,-0.0026099443901483887,
^IXIC,2018-08-01,,0.002771018814580861,-0.000140285115643346,0.01166597344596254,-0.01009299469358016,-0.01461508158717617,,,-0.0138831707416196,0.0054770693397772074,0.004627342487117714,0.01237787884720043,0.0011944373400374353,,,0.006102195412762246,0.0030510122463560663,0.0005923545386843365,0.0004373177842564857,-0.0066740232633033525,
^IXIC,2018-09-26,,-0.014263349426824057,0.007639491921686448,-0.0007629135749825933,0.00983516322207989,-0.005140612517535281,,,0.0007875385745343966,0.0017790279102680717,-0.002135518109646073,0.006457785671937444,0.0005446280818617311,,,-0.0011247699713421433,-0.004696851046664174,0.0031926845492646905,-0.018140616611087346,-0.011556501993278179,
^IXIC,2018-11-08,-0.016313171026415163,0.015795075474094755,0.020142006655867517,0.017542008234863182,-0.010367124237805614,,,-0.0038249523000951635,0.006428002026718449,0.026408771209997406,-0.005266336517187886,-0.01646288115040928,,,-0.0278159267537903,0.0,-0.008954470698595896,0.01718510985077515,-0.0015373497972924755,,
^IXIC,2018-12-19,,0.007356605019370743,0.001611000119974726,0.009454150588132038,-0.0039417805418171525,-0.022583093025459355,,,-0.0227084203582667,0.004468667812975724,-0.021680723172534222,-0.016336100306734158,-0.029933769049102055,,,-0.02211756331783188,,0.05836341273032608,0.0038341457622024233,0.000764464263503406,
^IXIC,2019-01-30,,,-0.01912333648087361,0.000770638023600112,0.006787859732623636,0.01292152678441627,,,-0.011051114608086499,-0.008099453446249072,0.022023854764415374,0.01373507676051866,-0.0024540997910280637,,,0.011518642338747664,0.007422897836900866,-0.003620643479385177,-0.011786629122187087,0.0013514852503335728,
^IXIC,2019-03-20,,0.020237187621750863,0.0043621943073888225,0.006900298454391107,-0.0016353956865416963,0.00755081998430529,,,0.0033751830372823477,0.0012275895287467975,0.0006499290394565982,0.014230840983513016,-0.0250403165777906,,,-0.0006712160625722552,0.007067718164836645,-0.006258858664673128,0.0033741668552276227,0.007843078580405782,
^IXIC,2019-05-01,,0.0021517669049018195,0.013168590007610614,-0.002316275819548741,0.00205756480657171,0.003414314391296136,,,0.0018965672564215108,-0.008142756867904777,-0.005651364446598972,-0.0015988437953632362,0.01583098435808794,,,-0.004986521427915225,-0.01963862827381102,-0.0025666195374799416,-0.004120440973427564,0.0008027337760745379,
^IXIC,2019-06-19,,0.010471296314457534,-7.670773640899853e-05,-0.003815831631516442,0.005698865960073629,-0.005163845332109895,,,0.0062026383492530535,0.013876301527622426,0.004204230124031705,0.008015206720173085,-0.002438088963259699,,,-0.003238384572089803,-0.015111730081971642,0.0032023964467964294,0.007305912564980588,0.004829521707722106,
^IXIC,2019-07-31,,0.007076595245795847,0.005760596992824274,0.008495480288975621,-0.009969351792044723,0.011126961990881146,,,-0.004427245289787329,-0.002377781467364226,-0.011867905970330939,-0.007865015534609165,-0.01319796667070805,,,-0.03473605194134943,0.01387903504597432,0.003773655002322851,0.022425777534677227,-0.009953778501233024,
^IXIC,2019-09-18,,-0.0019288841329967443,-0.0004055405888652164,0.010578714161808556,0.0030343355245090464,-0.0021672867455269085,,,-0.0028336484950168828,0.0039835433827690725,-0.0010542220507535616,0.0006713322957527801,-0.007969072242459352,,,-0.00064180497453592,-0.01464784771785399,0.010477092538406785,-0.005784019971861509,-0.01133534126290403,
^IXIC,2019-10-30,,0.00907965038281855,-0.007189819906968653,0.0019113599876994236,0.008129491687277834,0.007002408300674112,,,0.010053246344756017,-0.005902075743148938,0.0032779210273761183,-0.0013993430296747045,0.011340563491645694,,,0.005580440058623459,0.00017543662586394504,-0.0028513002957469835,0.0028404113330822156,0.004836083301647864,
^IXIC,2019-12-11,,-0.011249187322032173,-0.005526451903216212,0.005402208676427378,0.00047045975557069575,0.01001436010700063,,,-0.0040085570334083,-0.0006553586157230784,0.004395232987357556,0.00731108662885549,0.002014331203055608,,,0.009084336247558111,0.0010358116735056377,0.0004963962297792612,0.006737793660475999,0.004246573792048958,
^IXIC,2020-01-29,,,-0.0019310868474221587,0.0013830140117838674,0.0019939681423002398,-0.009313533039611022,,,-0.018851559810233676,0.014264766521421501,0.0005912252564013176,0.002562708443798023,-0.015914654996416755,,,0.01338222687366808,0.02098144453400308,0.0042997561370825554,0.006675027996624783,-0.005394882329740391,
^IXIC,2020-03-03,,,-0.03710188867954778,-0.027726076455074633,0.0016920121754293582,-0.04613182731047061,0.00010385226940567982,,,0.044914576985011,-0.029945821009265572,0.038461140546626416,-0.030993259641753035,-0.018649430797928912,,,-0.07287402343694394,0.04950140308971451,-0.047002450227701664,-0.09434674309481184,0.09345998172386105
^IXIC,2020-03-15,-0.030993259641753035,-0.018649430797928912,,,-0.07287402343694394,0.04950140308971451,-0.047002450227701664,-0.09434674309481184,0.09345998172386105,,,-0.12321331290147408,0.06230492341201921,-0.047027988775385166,0.022996268579562162,-0.037907422283539605,,,-0.0027400309327879624,0.08121509236724389,-0.004524223861369192
^IXIC,2020-03-23,0.09345998172386105,,,-0.12321331290147408,0.06230492341201921,-0.047027988775385166,0.022996268579562162,-0.037907422283539605,,,-0.0027400309327879624,0.08121509236724389,-0.004524223861369192,0.055962006595761116,-0.03785298373222423,,,0.03622450792632592,-0.00952513208745509,-0.04409293583528773,0.017217390358319706
^IXIC,2020-03-31,,,-0.0027400309327879624,0.08121509236724389,-0.004524223861369192,0.055962006595761116,-0.03785298373222423,,,0.03622450792632592,-0.00952513208745509,-0.04409293583528773,0.017217390358319706,-0.01525647790392215,,,0.0732611270359842,-0.0032831644156512407,0.025818870275615025,0.007746996815903406,
^IXIC,2020-04-29,,-0.010336154480887538,-0.03475170735558031,0.028094268330097538,-7.41441608484994e-05,0.016453636805085603,,,0.011076542783169163,-0.014023761913732113,0.03566323240510094,-0.0028223191063138087,-0.03201507563689321,,,0.01229057266160738,0.0112976045226294,0.005138939036791523,0.014147842232649754,0.01577567010165759,
^IXIC,2020-06-10,,0.006552216914684994,0.005897171735574247,0.007756799205120846,-0.006929795366756419,0.02061922153956064,,,0.011276647530284345,0.0029219879593944675,0.0066909063795053125,-0.05265476367524757,0.010121334623245826,,,0.014309384280850601,0.017463525072283215,0.0014814418617457026,0.0032813109241147664,0.00030878981402193695,
^IXIC,2020-07-29,,0.02512564309189158,-0.00805505419255359,0.002412796048237187,-0.022856995349024745,-0.009390717044975738,,,0.01670238758465037,-0.012735028000378179,0.013540604633609066,0.00425584692659875,0.014871816487803668,,,0.014660430152948933,0.0035192902625804656,0.005230744898274242,0.00997144293532748,-0.008740477960491821,
^IXIC,2020-08-27,0.010021568159487293,0.007287631558350771,-0.005742645841862681,0.010630301888693516,0.0041588829566681085,,,0.0060043426375751,0.007623210596084284,0.017319179179443367,-0.003405017035968405,0.006046278217000989,,,0.0068256330719147496,0.013945099510527026,0.009780044890400408,-0.04962831474198304,-0.012652161484430269,,
^IXIC,2020-09-16,,,-0.04114152829024975,0.02709047999938785,-0.01992268004866704,-0.006047849782590431,,,0.01871282571991184,0.012089549470456262,-0.012497460486567302,-0.012686289053217337,-0.010723830833645143,,,-0.0013416188946410168,0.01714846245401236,-0.030158726906864608,0.003694096957600479,0.022609065331040012,
^IXIC,2020-11-05,-0.01639550125792366,0.006374642083539106,-0.037307886361706455,0.01642179549945344,-0.024495802530529853,,,0.0042175804325030875,0.018522283091455094,0.03854730976029597,0.02589553136041678,0.0003616858700730141,,,-0.01525402940188414,-0.013652289708527277,0.020129145485651367,-0.006519348588783558,0.010222407181613713,,
^IXIC,2020-12-16,,0.00447037036920972,0.005017538804668709,-0.019377239274069313,0.005418562676863692,-0.002252126551407052,,,0.0050226671702324754,0.012461337002391382,0.005012350995449388,0.008418230939438498,-0.0007137117109617952,,,-0.0010285738347199924,0.00513245363011694,-0.002873969429620815,0.0026325132476352486,,
^IXIC,2021-01-27,,,0.015284816517290523,0.0197065068945248,0.005473641067082813,0.0008979007267215788,,,0.006861866299858299,-0.0007282686399603389,-0.026086775791876904,0.005015639747580014,-0.019979495142946724,,,0.025453836623223758,0.015622214267598356,-0.0001645684665440017,0.012284611399153267,0.005701919834175451,
^IXIC,2021-03-17,,-0.02407017139681733,0.03685099962979543,-0.00038169672335397475,0.025238666489519668,-0.005881895051674801,,,0.010499329999251517,0.0008811743787140447,0.003980967442432259,-0.030242086440928184,0.0075532959004116496,,,0.012281260257784199,-0.011200851824211822,-0.02009499330572939,0.0012181895920093666,0.012409828654125432,
^IXIC,2021-04-28,,-0.009789850945085554,-0.009234791831184364,0.01189228129776998,-0.00944856589330434,0.014357615081555863,,,0.008701745037853259,-0.0034345640809080313,-0.002781323065609853,0.0022432185139893424,-0.008511961175354799,,,-0.00483858197885767,-0.018828201194453165,-0.0037466591942640903,0.0037121457122524237,0.008758291888812941,
^IXIC,2021-06-16,,0.004866592327830599,0.0031113169361038917,-0.0009450801550839882,0.007804918728772536,0.003501332955533787,,,0.007443073498693664,-0.0071453576292487275,-0.0023577768295566237,0.008666146563395483,-0.009248392997500465,,,0.007918572901479237,0.00790504662839453,0.0012952072125995695,0.006865284655006576,-0.0006486082548177174,
^IXIC,2021-07-28,,-0.010553630711868212,0.01568474398635078,0.009177971924420714,0.0035982499502607013,0.010377581211183262,,,0.00025070627558165803,-0.0121375515919806,0.006957432752077386,0.0010621237898131852,-0.0071442835489050616,,,0.0005718536203818125,0.005464160640535676,0.0013034249936207942,0.0077527559316279415,-0.003985221407782014,
^IXIC,2021-09-22,,-0.0006556291656001356,-0.004489752273612702,0.008230648031459342,0.001344827868280607,-0.009086478918501784,,,-0.021940308438318068,0.0022087957059100383,0.010202436849988672,0.010431106514105393,-0.0003016188282812804,,,-0.0051656045602379574,-0.028275944894625926,-0.0023537507216799813,-0.004400386817909885,0.00817520590596521,
^IXIC,2021-11-03,,0.009046252790430476,0.0005910666206350168,8.524894004491301e-06,0.013932955164567495,0.0032540872849680103,,,0.0062929295010552,0.0034419058169636862,0.010350454503191608,0.008141469198615692,0.0019623378893316445,,,0.0006743541449454327,-0.005995379305199555,-0.01660714526110052,0.005221265241686979,0.009976877944862572,
^IXIC,2021-12-15,,0.009259285033501596,0.03032939047579708,0.006379219948745574,-0.017078626969719846,0.007296951180025157,,,-0.01390345484936839,-0.0113954084973521,0.021521734156584316,-0.024743722282876468,-0.0007081485979841817,,,-0.012441874957189958,0.02404050772065003,0.011785329890441787,0.008470648337796538,,
^IXIC,2022-01-26,,,-0.025973956147712918,-0.011486990364095284,-0.012987228782384785,-0.02720779129382689,,,0.0062611999653316985,-0.02279587751406098,0.00020902706987113717,-0.013981551050466057,0.03128861783890824,,,0.03408061973195786,0.007452318282233916,0.004987439334134924,-0.03736623070394007,0.01579308962791215,
^IXIC,2022-03-16,,-0.03624010422385804,-0.0027597433362587243,0.03594999879032046,-0.009474510344760545,-0.021793698646173865,,,-0.02044485651336314,0.02920228710808659,0.03768198333754036,0.013264600759922862,0.02049681043012841,,,-0.003985930702764762,0.019536881439528697,-0.013198885448984954,0.0193383593530696,-0.0015882393904287362,
^IXIC,2022-05-04,,0.012894760520932191,-0.039532127663313155,-0.00014495112707713087,0.03063517815465322,-0.04171148368488564,,,0.016326369359157544,0.002212842306591023,0.0319252033961146,-0.04991723044645091,-0.014047298430269972,,,-0.0429332850439349,0.0098440558256081,-0.03181463527135442,0.0005913045152083907,0.03817092317214654,
^IXIC,2022-06-15,,0.004049008555051747,0.009440084373188107,-0.0073067148690396655,-0.027472419148148797,-0.03523930712446288,,,-0.04680671501819644,0.001768779070838944,0.0250085000040583,-0.040818510003493014,0.014301012162795113,,,,0.0250918154268005,-0.0014652893000179912,0.01620456472734455,0.03342444110524623,
^IXIC,2022-07-27,,-0.008065554513161488,0.031082661784792576,0.01575152660446255,0.013612768540006925,-0.018698779929550824,,,-0.004346793139435978,-0.01867994358107039,0.040635394784761525,0.010818266210801841,0.018754277573103773,,,-0.0017521187427524954,-0.0016347914184267065,0.02586497726792847,0.004137926994010943,-0.004954984210656432,
^IXIC,2022-09-21,,0.012722642617655877,-0.051591283487904094,0.007401801225843663,-0.014276784041799329,-0.008999023383428173,,,0.007566047453750002,-0.00953355356396024,-0.017930720522194132,-0.01367007630896977,-0.017970841690997275,,,-0.005981798511244696,0.002460453129081941,0.0205124565711714,-0.02842382603896354,-0.015077019902302924,
^IXIC,2022-11-02,,0.00855368530117695,0.022506941972041616,-0.020370339850394603,-0.01625380286469269,0.028702839582782413,,,-0.010295007199019768,-0.00885506457328944,-0.03361076663591045,-0.01727912914020502,0.012792258759678266,,,0.008521947566883847,0.004891908610668683,-0.024776310600627016,0.07350217126661285,0.018821023663351477,
^IXIC,2022-12-14,,-0.019330765633861158,-0.02002241761491763,-0.005114880452569248,0.011265194529635147,-0.006982483560052377,,,0.012641973617082636,0.010146443972977481,-0.007632706348839391,-0.03225878925859804,-0.009723863171244296,,,-0.014887788556092962,0.00010241561013923928,0.01538428633212896,-0.02177999242230466,0.0020752181276857407,
^IXIC,2023-02-01,,0.020105191184978777,-0.0026521944021373756,-0.00184477523053872,0.017594224748618492,0.009494085356936521,,,-0.019609884551499812,0.016740690038561823,0.02000686360023396,0.032539740784891746,-0.015889924793735077,,,-0.009952568975146847,0.019040234872172324,-0.01678009171011119,-0.010154003174058679,-0.006061281272442431,
^IXIC,2023-03-22,,0.0044843065053172815,0.0213883253506999,0.0005162177483539754,0.024770791940567527,-0.00740534542040483,,,0.0038717368666496554,0.015808289114035645,-0.016032767401691905,0.0100634818011891,0.0031015804249405754,,,-0.0046617307035543565,-0.004483004809774704,0.017937753484835728,0.007314081426607499,0.017350560198826193,
^IXIC,2023-05-03,,-0.0029206777855622645,-0.01977536596551721,0.00467740520462101,0.02428565332444066,0.0069459870766872545,,,-0.0011434488352971561,-0.010815866234458515,-0.004567662174075893,-0.004900463198694083,0.02248042492676028,,,0.0017579930178321934,-0.006312362133444105,0.010418334588292,0.0017933159522116604,-0.0035502694228333187,
^IXIC,2023-06-14,,-0.0008564338895286072,0.003551947097114816,-0.012919110141085155,0.01019612027883765,0.0015575848295441563,,,0.015293622272195995,0.008275223093845652,0.003916518215594023,0.011473237282990212,-0.006765668991231766,,,,-0.0016275363600825044,-0.0120791937010305,0.009510313459474506,-0.010130934474014253,
^IXIC,2023-07-26,,0.009299474849521872,0.007630033916212975,0.0003051409203362887,-0.02052580861142228,-0.0021687640343482917,,,0.0018571154083166785,0.006095045505843499,-0.0012216214148701443,-0.005462475464587224,0.018971367342880407,,,0.0020507139709664557,-0.004329380345865719,-0.02173494215109273,-0.0009826112061147585,-0.0036160820687143325,
^IXIC,2023-09-20,,0.011362063076793438,-0.010366463632020317,0.0029026153032538637,0.008141255257291702,-0.015633990228098638,,,0.0001393427382558876,-0.0023376544932555143,-0.0152842254938379,-0.01820083525776428,-0.0009203657299904355,,,0.00450435966933882,-0.01565103968908521,0.0022382218257912534,0.008281670323690316,0.0013665370849522684,
^IXIC,2023-11-01,,0.002658734913320915,0.009336069859430474,-0.02425064995187376,-0.01759656099899698,0.0037631692898962843,,,0.011585113500682365,0.004828950306144497,0.016358692885156012,0.017817344295621318,0.013847390311102048,,,0.0030048343837911773,0.008956435098135707,0.0007734540102011245,-0.00944733231172945,0.020460834618605483,
^IXIC,2023-12-13,,-0.00835650374571173,0.0031313631845699685,-0.00584685317046485,0.013662559985409661,0.004461613372241491,,,0.001980044970512962,0.006991874209597793,0.013799906761109648,0.001873196984936376,0.0035470745020602656,,,0.00613542188136762,0.00660257722755575,-0.015015396760213684,0.012581569697390549,0.00194465797598542,
^IXIC,2024-01-31,,0.0032212402859392864,0.004274033267473776,0.0036289192508331958,0.0018460293212483325,-0.0035549884554011424,,,0.011172802417547256,-0.007559466711257956,-0.022301279588428202,0.013032824817912125,0.01740117285606213,,,-0.002000806671063504,0.0007257690071089673,0.009458623130085275,0.0023526788279171207,0.012470166654928727,
^IXIC,2024-03-20,,-0.004093277501581061,0.015379609957051343,-0.00540219254125307,-0.0030436369931828855,-0.009632641594030877,,,0.008156194047562515,0.003933308886094222,0.01253310748131975,0.0019811152137096943,0.0016449659920487747,,,-0.0026995005442512765,-0.004197298103708835,0.005137342249128984,-0.0012231803666122865,,
^IXIC,2024-05-01,,0.011078373020564358,0.015877623641452843,0.0010263567185926359,-0.006427279398895758,0.02025015947888842,,,0.003464341573386376,-0.020350255647543336,-0.003342728598578648,0.015089538105478306,0.019908523092361685,,,0.011940825728499194,-0.0010208682164319915,-0.001824564273542717,0.0026682598912928235,-0.00032971753262078796,
^IXIC,2024-06-12,,0.005596072980382338,0.0016864588530618452,0.01962677894658782,-0.0008599799663757679,-0.002328539208430902,,,0.0034668758435063562,0.008784134188007497,0.015273035793879508,0.0033575430637895476,0.0012067490836344952,,,0.00950533124235986,0.0002918145153441021,,-0.007873631753103294,-0.001818712036232295,
^IXIC,2024-07-31,,0.015830756353462316,-0.0005675781322872497,-0.036390883510082794,-0.00926569327315152,0.010252765674276132,,,0.000709669542889424,-0.012825373737482826,0.026358511706674248,-0.023026352660052707,-0.024310025495816623,,,-0.03433920949487235,0.010294364623245844,-0.010450394739652702,0.028662349907374374,0.0051189165678968696,
^IXIC,2024-09-18,,0.01160934059858132,0.008367462259605718,0.02171097287436141,0.010011215390628214,0.0065055700094134306,,,-0.00519394428970954,0.0020423726828324718,-0.003106397636846503,0.025076659927780076,-0.003644955448014686,,,0.001445774217207818,0.005577417197717205,0.00042553862838246026,0.005977041489758417,-0.0038866462488355014,
^IXIC,2024-11-07,0.002623311348128654,0.00783966508460976,-0.005601545069538139,-0.027557031087636963,0.008000460240717544,,,-0.0032861686554399583,0.014256860922954528,0.029518724734147517,0.0150652237858655,0.0008987464377530063,,,0.0006211751877069904,-0.000899507284966572,-0.0026284235830008607,-0.006399672399173273,-0.022374872957156677,,
^IXIC,2024-12-18,,-0.006197457524939054,-0.0025054464613958327,0.017658665535963847,-0.006591040785879021,0.0011998719560866178,,,0.01240394370741793,-0.00321356347816526,-0.03562429443583959,-0.0010271871739683247,0.010314997956417882,,,0.00982400160619945,0.013470862885252899,,-0.0005377372076803555,-0.014901334813076983,
^IXIC,2025-01-29,,,0.006448231967207674,0.012783487788161407,0.0022159573527285037,-0.004955644440254314,,,-0.03069366899092285,0.020254534552450076,-0.0051318352135546474,0.0025177710384303165,-0.0027594368831531657,,,-0.011997413936106094,0.01351377483662497,0.0019492474205637933,0.005060861556485108,-0.013570633401157828,
^IXIC,2025-03-19,,-0.040002833692822315,-0.001844522114810565,0.012178733439950351,-0.01957336017705169,0.026069457524154904,,,0.0030736755857529996,-0.017100725880162315,0.014092107114519692,-0.003332708361115988,0.0052239345603362075,,,0.022747295735711326,0.004578119137620407,-0.02040513973417113,-0.005307007694424604,-0.027018550378617556,
